{
  "computation_times_ms": {
    "keygen_ms": 1.4025169998603815,
    "key_exchange_ms": 0.7293700000445824
  },
  "handshake_payload_size_bytes": 204,
  "handshake_start_time": 1756287372.3353407,
  "response_payload_size_bytes": 211,
  "total_handshake_latency_ms": 41.58782958984375
}