{
  "computation_times_ms": {
    "keygen_ms": 35.012574000575114,
    "key_exchange_ms": 0.5393980000008014
  },
  "handshake_payload_size_bytes": 204,
  "handshake_start_time": 1756292642.2436929,
  "response_payload_size_bytes": 211,
  "total_handshake_latency_ms": 41.98408126831055
}